lesson,ページ,品詞,ロシア語（記号あり）,日本語,ロシア語（記号なし）
1,7,助,вот,ほらここ・そこに,вот
1,7,助,э́то,これ、それ,это
1,7,接,и,と、および、そして,и
1,7,副,там,そこで・に、あそこで・に,там
1,7,名,дом,((複)はдома́)家、建物,дом
1,7,名,до́ма,自宅で、在宅して,дома
1,7,名,ко́мната,部屋,комната
1,7,名,ма́ма,ママ、おかあさん,мама
1,7,名,окно́,窓,окно
1,7,名,па́па,パパ,папа
1,7,名,стол,机、テーブル,стол
1,7,名,стул,いす,стул
2,10,述,нет,(否定・不賛同の答え)いいえ,нет
2,10,述,нет,...がない、存在しない,нет
2,10,助,да,(肯定・同意の答え)はい,да
2,10,助,не,[否定の助詞],не
2,10,代,вы,君たち、あなた、あなた方,вы
2,10,代,я,わたし,я
2,10,副,здесь,ここに、ここで,здесь
2,10,名,вода́,水,вода
2,10,名,газе́та,新聞、新聞社,газета
2,10,名,кни́га,本,книга
2,10,名,парк,公園,парк
2,10,名,профе́ссор,教授,профессор
2,10,名,река́,川,река
2,10,名,сок,ジュース,сок
2,10,名,студе́нтка,女子学生,студентка
3,14,助,то́же,...もまた,тоже
3,14,接,что,何、[接続詞]...ということ,что
3,14,代,кто,だれ,кто
3,14,代,он,彼、それ,он
3,14,代,она́,彼女、それ,она
3,14,代,они́,彼ら、彼女ら、それら,они
3,14,副,где,どこに、[関係副詞]...する・した(場所),где
3,14,名,брат,兄弟(兄または弟),брат
3,14,名,журна́л,雑誌,журнал
3,14,名,журнали́ст,ジャーナリスト,журналист
3,14,名,по́чта,郵便局,почта
3,14,名,сестра́,姉妹(姉または妹),сестра
3,14,名,слова́рь,辞書,словарь
3,14,名,учи́тель,((複)はучителя́)教師,учитель
3,14,名,япо́нка,日本人(の女),японка
4,17,形,ваш,君たちの、あなたの、あなた方の,ваш
4,17,形,её,彼女の、それの,её
4,17,形,мой,わたしの,мой
4,17,形,наш,わたしたちの,наш
4,17,形,твой,君の,твой
4,17,形,чей,だれの,чей
4,17,接,а,(対比)が、一方,а
4,17,代,его́,彼の、それの,его
4,17,代,их,彼らの、彼女らの、それらの,их
4,17,代,мы,わたしたち,мы
4,17,代,оно́,それ,оно
4,17,代,ты,君,ты
4,17,名,дя́дя,叔父、おじさん,дядя
4,17,名,и́мя,名前,имя
4,17,名,музе́й,博物館、美術館,музей
4,17,名,неде́ля,週、1週間,неделя
4,17,名,писа́тель,作家,писатель
4,17,名,письмо́,手紙,письмо
4,17,名,по́ле,野原、畑,поле
4,17,名,роди́тели,両親,родители
4,17,名,тетра́дь,ノート,тетрадь
4,17,名,уче́бник,教科書,учебник
4,18,名,ме́сто,場所、席,место
4,18,名,пло́щадь,広場,площадь
4,18,名,сло́во,ことば、単語,слово
4,18,名,соба́ка,犬,собака
4,18,名,тётя,叔母、おばさん,тётя
4,18,名,часы́,[tʃ’ɪsí] 時計,часы
4,18,名,шко́ла,学校,школа
4,19,副,ря́дом,隣り合って、ならんで(4''),рядом
4,19,副,спра́ва,右側に・で,справа
4,19,名,ба́бушка,おばあさん、祖母,бабушка
4,19,名,врач,医者,врач
4,19,名,де́душка,おじいさん、祖父,дедушка
4,19,名,мать,母,мать
4,19,名,оте́ц,父,отец
4,19,名,семья́,家族,семья
4,19,名,фотогра́фия,写真,фотография
5,21,形,како́й,どんな、なんという,какой
5,21,形,молодо́й,若い,молодой
5,21,形,но́вый,新しい,новый
5,21,形,си́ний,青い、紺色の,синий
5,21,形,ста́рый,古い、年とった,старый
5,21,形,э́тот,この、その,этот
5,21,接,и́ли,あるいは、または,или
5,21,動,де́лать1,(不完)する、作る,делать
5,21,動,знать1,(不完)知っている,знать
5,21,動,слу́шать1,(不完)聞く,слушать
5,21,動,чита́ть1,(不完)読む,читать
5,21,副,хорошо́,よく、上手に,хорошо
5,21,名,го́род,((複)はгорода́)町、都市,город
5,21,名,пла́тье,ドレス、ワンピース,платье
5,21,名,ра́дио,ラジオ,радио
5,22,形,интере́сный,おもしろい、興味深い,интересный
5,22,形,краси́вый,美しい、きれいな,красивый
5,22,形,ле́тний,夏の,летний
5,22,動,рабо́тать1,(不完)働く、勉強する,работать
5,22,副,сего́дня,きょう,сегодня
5,22,名,расска́з,短編小説,рассказ
5,23,その他,и...и...,...も、...も,и...и...
5,23,形,до́брый,よい、善良な,добрый
5,23,形,хоро́ший,よい、すぐれた,хороший
5,23,動,отвеча́ть1,(不完)答える,отвечать
5,23,動,понима́ть1,(不完)理解する、わかる,понимать
5,23,動,спра́шивать1,(不完)たずねる、質問する,спрашивать
5,23,副,гро́мко,大声で,громко
5,23,副,ме́дленно,ゆっくりと,медленно
5,23,副,пото́м,あとで、それから,потом
5,23,副,сейча́с,いま、すぐ,сейчас
5,23,名,ве́чер,夕方、晩,вечер
5,23,名,день,昼、日中、1日,день
5,23,名,пого́да,天気,погода
5,23,名,преподава́тель,講師,преподаватель
5,23,名,текст,テクスト,текст
5,23,名,уро́к,授業、課,урок
5,23,名,у́тро,朝,утро
6,25,形,большо́й,大きい,большой
6,25,形,ру́сский,ロシアの、ロシア人,русский
6,25,前,в,[+対]~の中へ，（時間）に,в
6,25,前,на,[+前]〜の上・表面で・に，〜（交通手段）で,на
6,25,前,о,[+前]〜について,о
6,25,動,говори́ть2,(不完)言う、話す,говорить
6,25,動,изуча́ть1,(不完)学ぶ、研究する,изучать
6,25,動,лежа́ть2,(不完)横たわっている、(横にして)置いてある,лежать
6,25,動,смотре́ть2*,(不完)見る,смотреть
6,25,動,стоя́ть2,(不完)立っている,стоять
6,25,名,по́лка,たな,полка
6,25,名,столо́вая,食堂、ダイニングルーム,столовая
6,25,名,язы́к,言語,язык
6,26,述,пло́хо,悪く、下手に,плохо
6,26,動,отдыха́ть1,(不完)休息・休憩する、休養する,отдыхать
6,26,副,о́чень,とても、非常に,очень
6,26,副,по-англи́йски,英語で,по-английски
6,26,名,телеви́зор,テレビ(受像機),телевизор
6,26,名,фильм,映画,фильм
6,27,形,америка́нский,アメリカの,американский
6,27,形,англи́йский,イギリスの,английский
6,27,形,япо́нский,日本の,японский
6,27,動,разгова́ривать1,(不完)談話する,разговаривать
6,27,副,немно́го,少し,немного
6,27,副,уже́,すでに、もう,уже
6,27,名,аудито́рия,教室、講義室,аудитория
7,29,形,русско-япо́нский,露日の,русско-японский
7,29,形,све́тлый,明るい(色の),светлый
7,29,接,когда́,いつ.[接続詞]...する・したとき.[関係副詞]...する・した(時),когда
7,29,前,у,[+生]〜のところに，〜のそばに,у
7,29,動,быть,いる、ある、[連辞]である,быть
7,29,動,есть,(不完)食べる,есть
7,29,動,есть,ある、いる.《у+生(が)》持っている,есть
7,29,副,ве́чером,夕方に、晩に,вечером
7,29,副,вчера́,きのう,вчера
7,29,副,никогда́,(否定の助詞と не ともに)けっして・一度も(...ない、しない),никогда
7,29,副,тогда́,そのとき、それなら,тогда
7,29,名,библиоте́ка,図書館,библиотека
7,29,名,го́лос,声,голос
7,29,名,де́ти,子どもたち,дети
7,29,名,конце́рт,コンサート,концерт
7,29,名,маши́на,自動車,машина
7,29,名,университе́т,大学,университет
7,29,名,центр,中心,центр
7,30,接,но,しかし,но
7,30,動,гуля́ть1,(不完)散歩する,гулять
7,30,名,биле́т,切符、チケット,билет
7,30,名,ле́кция,講義,лекция
7,30,名,матема́тика,数学,математика
7,30,名,метро́,地下鉄,метро
7,30,名,подру́га,(女)友だち、ガールフレンド,подруга
7,30,名,у́лица,通り,улица
7,30,名,футбо́л,サッカー,футбол
7,31,形,весёлый,陽気な、楽しい,весёлый
7,31,形,высо́кий,高い,высокий
7,31,形,ма́ленький,小さい,маленький
7,31,形,тёмный,暗い(色の),тёмный
7,31,形,чёрный,黒い,чёрный
7,31,助,всё,すべて(のもの),всё
7,31,動,расска́зывать1,(不完)物語る,рассказывать
7,31,副,ещё,まだ.さらに、もっと,ещё
7,31,名,глаз,((複)はглаза́)目,глаз
7,31,名,де́вочка,女の子、少女,девочка
7,31,名,до́чка,娘,дочка
7,31,名,муж,夫,муж
7,31,名,япо́нец,日本人(の男),японец
8,33,接,как,どのように、いかにして.なんと,как
8,33,接,куда́,どこへ、[関係副詞]...する・した(場所),куда
8,33,動,е́хать,(不完)(定)(乗り物で)行く・来る⇒《(不定)はе́здить》,ехать
8,33,動,жить,(不完)住む、生きる,жить
8,33,動,звать,(不完)呼ぶ,звать
8,33,動,идти́,(不完)(定)歩いて行く・来る、(乗り物が)行く・来る、(演劇、映画が)上演・上映されている、(雨・雪が)降る⇒《(不定)はходи́ть》,идти
8,33,動,писа́ть,(不完)書く,писать
8,33,動,пить,(不完)飲む,пить
8,33,動,стро́ить2,(不完)建てる,строить
8,33,名,авто́бус,バス,автобус
8,33,名,молоко́,ミルク,молоко
8,33,名,по́езд,列車,поезд
8,33,名,се́вер,北,север
8,33,名,фами́лия,姓,фамилия
8,33,名,чай,茶,чай
8,34,動,встреча́ть1,(不完)会う、出迎える,встречать
8,34,名,ко́фе,コーヒー,кофе
8,34,名,литерату́ра,文学,литература
8,34,名,статья́,論文、記事,статья
8,34,名,юг,南,юг
8,35,間,здра́вствуй,[zdrástvuj](ты で話す相手に)こんにちは、こんばんは,здравствуй
8,35,間,здра́вствуйте,[zdrástvujt’ɪ](вы で話す相手に)こんにちは、こんばんは,здравствуйте
8,35,形,изве́стный,有名な、知られている,известный
8,35,形,кита́йский,中国の,китайский
8,35,動,игра́ть1,(不完)遊ぶ、プレイする、演奏する、演じる,играть
8,35,比,ра́ньше,以前に、かつて,раньше
8,35,副,мно́го,大いに、多くの,много
8,35,副,по́здно,(時間的に)遅い、遅く,поздно
8,35,名,актёр,俳優,актёр
8,35,名,вокза́л,(主要)駅,вокзал
8,35,名,кино́,映画、映画館,кино
8,35,名,рабо́та,仕事,работа
9,37,形,ка́ждый,それぞれの、各々の,каждый
9,37,接,так,このように、そのように、それほど,так
9,37,前,к,[+与]〜の方へ，〜のところに,к
9,37,前,по,[+与]〜にそって，手段，〜に関する・の,по
9,37,副,домо́й,家に、自宅に,домой
9,37,副,за́втра,あす,завтра
9,37,副,послеза́втра,あさって、明後日,послезавтра
9,37,名,воскресе́нье,日曜日,воскресенье
9,37,名,вто́рник,火曜日,вторник
9,37,名,дождь,雨,дождь
9,37,名,му́зыка,音楽,музыка
9,37,名,пода́рок,贈り物、プレゼント,подарок
9,37,名,понеде́льник,月曜日,понедельник
9,37,名,пя́тница,金曜日,пятница
9,37,名,среда́,水曜日,среда
9,37,名,суббо́та,土曜日,суббота
9,37,名,това́рищ,同級生、同僚、友人,товарищ
9,37,名,четве́рг,木曜日,четверг
9,37,名,экза́мен,試験,экзамен
9,38,接,коне́чно,[kan’éʃnə]もちろん,конечно
9,38,副,зимо́й,冬に(<зима́ 冬),зимой
9,38,副,ско́ро,まもなく、じきに,скоро
9,38,名,друг,親友、友だち,друг
9,38,名,исто́рия,歴史,история
9,38,名,о́сенью,秋に(< о́ сень 秋),осенью
9,39,形短,потому́ что,なぜなら,потому что
9,39,動,за́втракать1,(不完)朝食を食べる,завтракать
9,39,動,обе́дать1,(不完)昼食を取る,обедать
9,39,副,всегда́,いつも,всегда
9,39,副,но́чью,夜・夜中に,ночью
9,39,副,у́тром,朝に,утром
9,39,副,ча́сто,しばしば,часто
9,39,名,днём,昼に、日中に,днём
9,39,名,за́втрак,朝食,завтрак
9,39,名,ночь,夜、夜中,ночь
9,39,名,обе́д,昼食,обед
9,39,名,рестора́н,レストラン,ресторан
9,39,名,у́жин,夕食,ужин
10,41,前,с,[+生]〜の上・表面から，〜（時間）から,с
10,41,動,гото́вить2,(不完)準備する、用意する,готовить
10,41,動,занима́ться1,(不完)仕事する、勉強する、従事する,заниматься
10,41,動,люби́ть2*,(不完)愛する、好む,любить
10,41,動,нра́виться2,(不完)気に入っている,нравиться
10,41,動,стро́иться2,(不完)建つ,строиться
10,41,動,учи́ться2*,学ぶ、在学している,учиться
10,41,動,хоте́ть,(不完)ほしい、...したい,хотеть
10,41,副,вме́сте,いっしょに,вместе
10,41,名,зда́ние,建物、ビル,здание
10,41,名,каранда́ш,鉛筆,карандаш
10,41,名,ру́чка,ペン,ручка
10,42,動,рисова́ть,(不完)描く、スケッチする,рисовать
10,42,名,игра́ть в те́ннис,テニスをする,играть в теннис
10,42,名,ло́жка,スプーン,ложка
10,42,名,портре́т,肖像、ポートレート,портрет
10,42,名,суп,スープ,суп
10,42,名,те́ннис,[tén’is] テニス,теннис
10,43,形,пе́рвый,最初の,первый
10,43,形,сам,自身、自分で,сам
10,43,副,иногда́,ときどき,иногда
10,43,副,прекра́сно,すばらしく、すばらしい,прекрасно
10,43,名,гита́ра,ギター,гитара
10,43,名,игра́ть на гита́ре,ギターを弾く,играть на гитаре
10,43,名,курс,(大学の)学年,курс
10,43,名,ска́зка,おとぎ話、民話,сказка
10,43,名,спорт,スポーツ,спорт
11,45,前,из,[+生]〜の中から，〜から,из
11,45,前,от,[+生]〜から,от
11,45,代,кто́-то,だれか、ある人,кто-то
11,45,動,бе́гать1,(不完)(不定)走る、走り回る,бегать
11,45,動,бежа́ть,(不完)(定)走る、走って行く・来る⇒《(不定)はбе́гать》,бежать
11,45,動,везти́,(不完)(定)(乗り物で)運ぶ、運んで行く・来る⇒《(不定)はвози́ть》,везти
11,45,動,вести́,(不完)(定)連れて行く・来る⇒《(不定)はводи́ть》,вести
11,45,動,води́ть2*,(不完)(不定)連れて行く・来る、連れ回る,водить
11,45,動,возвраща́ться1,(不完)帰る、戻る,возвращаться
11,45,動,вози́ть2*,(不完)(不定)乗り物で運ぶ,возить
11,45,動,е́здить2,(不完)(乗り物で)行く・来る,ездить
11,45,動,лета́ть1,(不完)(不定)飛ぶ、飛んで行く・来る,летать
11,45,動,лете́ть2,(不完)(定)飛ぶ、飛んで行く・来る⇒《(不定)はлета́ть》,лететь
11,45,動,нести́,(不完)(定)持って行く・来る、身につけて運ぶ⇒《(不定)はноси́ть》,нести
11,45,動,носи́ть2*,(不完)(不定)持って行く・来る、身につけて運ぶ,носить
11,45,動,ходи́ть2*,(不完)(不定)歩く、歩いて行く・来る、歩き回る,ходить
11,45,動,чи́стить2,(不完)きれいにする,чистить
11,45,副,отку́да,どこから、[関係副詞]そこから,откуда
11,45,副,отсю́да,ここから,отсюда
11,45,副,отту́да,そこから、あそこから,оттуда
11,45,副,сюда́,ここへ、こちらへ,сюда
11,45,副,туда́,そこへ、あそこへ,туда
11,45,名,самолёт,飛行機,самолёт
11,45,名,снег,雪,снег
11,45,名,сын,息子,сын
11,45,名,такси́,タクシー,такси
11,45,名,теа́тр,劇場、演劇,театр
11,46,形,де́тский,子どもの,детский
11,46,動,ду́мать1,(不完)思う、考える,думать
11,46,副,до́лго,長く、長い間,долго
11,46,副,пешко́м,歩いて、徒歩で,пешком
11,46,名,де́тский сад,幼稚園,детский сад
11,46,名,сад,庭、庭園,сад
11,47,形,люби́мый,好きな,любимый
11,47,前,до,[+生]〜まで,до
11,47,動,брать,(不完)取る、つかむ、借りる,брать
11,47,動,остана́вливаться1,(不完)止まる,останавливаться
11,47,動,сади́ться2,(不完)すわる、腰を下ろす、(乗り物に)乗る,садиться
11,47,副,наза́д,後ろへ、元の場所に,назад
11,47,副,обы́чно,普通、通常,обычно
11,47,副,ра́достно,喜んで,радостно
11,47,副,споко́йно,静かに、穏やかに、おとなしく,спокойно
11,47,副,тепе́рь,いま、いまは,теперь
11,47,名,двор,中庭,двор
11,47,名,доро́га,道,дорога
11,47,名,остано́вка,停留所,остановка
11,47,名,рука́,手、腕,рука
12,49,形,бли́зкий,近い,близкий
12,49,形,больно́й,病気の,больной
12,49,形,жа́ркий,暑い,жаркий
12,49,形,за́нятый,忙しい、(場所・席が)ふさがっている,занятый
12,49,形,свобо́дный,自由な、空いている,свободный
12,49,形,тёплый,暖かい,тёплый
12,49,形,тру́дный,難しい,трудный
12,49,形,холо́дный,寒い、冷たい,холодный
12,49,形短,до́лжен,...しなければならない、...するはずだ,должен
12,49,形短,рад,うれしい、喜んでいる,рад
12,49,数,ма́ло,わずか、少しの,мало
12,49,動,ви́деть2,(不完)見る、見える,видеть
12,49,動,получа́ть1,(不完)受け取る,получать
12,49,副,ско́лько,いくら、いくつ,сколько
12,49,名,чита́тель,読者,читатель
12,50,形,гото́вый,用意・準備のできた,готовый
12,50,形,здоро́вый,健康な,здоровый
12,50,形,прия́тный,気持ちのいい、楽しい,приятный
12,50,名,кварти́ра,フラット(アパートなどの1世帯が住む1区画),квартира
12,50,名,мя́со,肉,мясо
12,50,名,телефо́н,電話,телефон
12,50,名,учи́тельница,(女性の)教師,учительница
12,51,形,ти́хий,静かな,тихий
12,51,動,начина́ть1,(不完)はじめる,начинать
12,51,動,открыва́ть1,(不完)開ける、開く、発見する,открывать
12,51,動,спа́ть2,(不完)眠る,спать
12,51,副,внима́тельно,注意深く,внимательно
12,51,副,кре́пко,しっかりと,крепко
12,51,副,наконе́ц,ついに、やっと,наконец
12,51,名,дверь,ドア、扉,дверь
12,51,名,крова́ть,ベッド,кровать
12.5,53,名,бе́рег,岸,берег
12.5,53,名,год,年、(年齢)...歳,год
12.5,53,名,край,端、ふち,край
12.5,53,名,лес,森,лес
12.5,53,名,ста́нция,駅,станция
12.5,54,形,иностра́нный,外国の,иностранный
12.5,54,形,студе́нческий,学生の,студенческий
12.5,54,名,ма́льчик,男の子,мальчик
12.5,54,名,назва́ние,名称、名前,название
12.5,55,形,настоя́щий,本当の,настоящий
12.5,55,形,прекра́сный,すばらしい、とても美しい,прекрасный
12.5,55,前,за,[+対]〜の向こうに，〜だけ前に，（時間）の間で，〜のために，〜の代償として,за
12.5,55,動,встреча́ться1*,(不完)会う、出会う,встречаться
12.5,55,比,да́льше,さらに、それから(далёкий/далеко́の比較級短語尾形),дальше
12.5,55,副,далеко́,遠くに、遠い,далеко
12.5,55,名,весно́й,春に(< весна́ 春),весной
12.5,55,名,вре́мя,時、時間,время
13,57,動,взять(完),取る、つかむ、借りる⇒《(不完)はбрать》,взять
13,57,動,изучи́ть2*,(完)学ぶ、研究する⇒《(不完)はизуча́ть》,изучить
13,57,動,конча́ть1,(不完)終える,кончать
13,57,動,купи́ть2*,(完)買う⇒《(不完)はпокупа́ть》,купить
13,57,動,написа́ть,(完)書く⇒《(不完)はписа́ть》,написать
13,57,動,нача́ть,(完)はじめる⇒《(不完)はначина́ть》,начать
13,57,動,отдохну́ть,(完)休息・休憩する、休養する⇒《(不完)はотдыха́ть》,отдохнуть
13,57,動,покупа́ть1,(不完)買う,покупать
13,57,動,понра́виться2,(完)気に入る⇒《(不完)はнра́виться》,понравиться
13,57,動,прочита́ть1,(完)読む⇒《(不完)はчита́ть》,прочитать
13,57,動,реша́ть1,(不完)解く、(...すると)決める,решать
13,57,動,реши́ть2,(完)解く、(...すると)決める⇒《(不完)はреша́ть》,решить
13,57,動,сде́лать1,(完)する、作る⇒《(不完)はде́лать》,сделать
13,57,動,сказа́ть,(完)言う、話す⇒《(不完)はговори́ть》,сказать
13,57,副,ра́но,早く,рано
13,57,名,банк,銀行,банк
13,57,名,зада́ча,(数学などの)問題、課題,задача
13,57,名,рома́н,(長編)小説,роман
13,58,形,весь,(вся，все)全体の、すべての,весь
13,58,動,вы́учить2,(完)学んで覚える⇒《(不完)はучи́ть》,выучить
13,58,動,звони́ть2,(不完),звонить
13,58,動,учи́ть2*,(不完)学んで覚える),учить
13,59,形,одно́,⇒оди́н,одно
13,59,形,остально́й,残りの,остальной
13,59,動,показа́ть,(完)見せる⇒《(不完)はпока́зывать》,показать
13,59,動,спеши́ть2,(不完)急ぐ,спешить
13,59,動,успе́ть1,(完)(...するのに)間に合う、...する時間がある,успеть
13,59,副,бы́стро,速く,быстро
13,59,副,то́лько,ただ...だけ、やっと、ようやく,только
13,59,名,су́мка,バッグ,сумка
14,61,助,пожа́луйста,[paʒálistə]どうぞ,пожалуйста
14,61,動,вве́сти,(完)導き入れる⇒《(不完)はвво́дить》,ввести
14,61,動,вводи́ть2*,(不完)導き入れる,вводить
14,61,動,войти́(完),入る、入って行く・来る⇒《(不完)はвходи́ть》,войти
14,61,動,входи́ть2*,(不完)入る、入って行く・来る,входить
14,61,動,въезжа́ть1,(不完)(乗り物で)入る,въезжать
14,61,動,въе́хать,(完)(乗り物で)入る(14)⇒《(不完)はвъезжа́ть》,въехать
14,61,動,вы́йти,(完)出る、出て行く・来る⇒《(不完)はвыходи́ть》,выйти
14,61,動,выходи́ть2*,(不完)出る、出て行く・来る,выходить
14,61,動,дойти́,(完)(...まで)行く⇒《(不完)はдоходить》,дойти
14,61,動,доходи́ть2*,(不完)(...まで)行く,доходить
14,61,動,зайти́,(完)立ち寄る⇒《(不完)はзаходи́ть》,зайти
14,61,動,заходи́ть2*,(不完)立ち寄る,заходить
14,61,動,отойти́,(完)離れる⇒《(不完)はотходи́ть》,отойти
14,61,動,отходи́ть2*,(不完)離れる,отходить
14,61,動,перейти́,(完)渡る、横断する、移る⇒《(不完)はпереходи́ть》,перейти
14,61,動,переходи́ть2*,(不完)渡る、横断する、移る,переходить
14,61,動,подойти́,(完)近づく⇒《(不完)は подходи́ ть》,подойти
14,61,動,подходи́ть2*,(不完)近づく,подходить
14,61,動,пойти́,(完)(歩いて)出かける、歩き出す,пойти
14,61,動,походи́ть2*,(完)しばらく歩く,походить
14,61,動,прийти́,(完)(歩いて)到着する⇒《(不完)はприходи́ть》,прийти
14,61,動,принести́,(完)持ってくる⇒《(不完)はприноси́ть》,принести
14,61,動,приноси́ть2*,(不完)持ってくる,приносить
14,61,動,приходи́ть2*,(完)(歩いて)到着する,приходить
14,61,動,пройти́,(完)通って行く・来る、通行する⇒《(不完)はпроходи́ть》,пройти
14,61,動,проходи́ть2*,(不完)通って行く・来る、通行する,проходить
14,61,動,сесть,(完)すわる、腰を下ろす⇒《(不完)はсади́ться》,сесть
14,61,動,уйти́,(完)去る⇒《(不完)はуходи́ть》,уйти
14,61,動,уходи́ть2*,(不完)去る,уходить
14,61,副,сно́ва,また、再び,снова
14,62,動,дое́хать,(完)(乗り物で)(...まで)行く,доехать
14,62,動,ко́нчиться2,(完)終わる⇒《(不完)はконча́ться》,кончиться
14,62,動,прие́хать,(完)(乗り物で)到着する,приехать
14,63,形,сосе́дний,隣の,соседний
14,63,形,тот,その、あの,тот
14,63,前,че́рез,[+与]〜を横切って・超えて，後に,через
14,63,動,встать,(完)起きる、立ち上がる⇒《(不完)はвстава́ть》,встать
14,63,動,найти́,(完)見つける,найти
14,63,動,объясни́ть2,(完)説明する,объяснить
14,63,動,поза́втракать1,(完)朝食を取る⇒《(不完)はза́втракать》,позавтракать
14,63,動,уви́деть2,(完)見える⇒《(不完)はви́деть》,увидеть
14,63,動,уста́ть,(完)疲れる,устать
14,63,副,легко́,[l’ɪxkó]容易に,легко
14,63,副,напра́во,右側へ、右側に,направо
14,63,副,недалеко́,近くに,недалеко
14,63,副,одна́жды,かつて、あるとき.一度,однажды
14,63,副,поэ́тому,それゆえ,поэтому
14,63,副,пря́мо,まっすぐに,прямо
14,63,副,снача́ла,最初に、まず,сначала
14,63,名,дере́вня,村、田舎,деревня
14,63,名,магази́н,店,магазин
14,63,名,мост,橋,мост
15,65,形,кото́рый,どの、どちらの.[関係代名詞]...する(ところの),который
15,65,動,встава́ть,(不完)起きる、立ち上がる,вставать
15,65,名,класс,(小・中・高の)学年,класс
15,65,名,лет,⇒ год(年齢）,лет
15,65,名,мину́та,分,минута
15,65,名,страни́ца,ページ,страница
15,65,名,час,1時間、...時,час
15,65,名,эта́ж,階,этаж
15,66,動,начина́ться1,(不完)はじまる,начинаться
15,66,名,ме́сяц,(暦の)月、1か月,месяц
15,66,名,рубль,ルーブル(ロシアの貨幣単位),рубль
15,66,名,экску́рсия,遠足,экскурсия
15,67,間,алло́,(電話で)もしもし,алло
15,67,動,конча́ться1,(不完)終わる,кончаться
15,67,名,заня́тия,( < заня́тие ) 授業,занятия
15,67,名,мочь,(不完)...できる、してもよい,мочь
16,69,形,бо́льший,より大きい(большо́йの比較級長語尾形),больший
16,69,形,далёкий,遠い,далёкий
16,69,形,лу́чший,よりよい(хоро́ший の比較級長語尾形),лучший
16,69,形,са́мый,(形容詞について最上級を作る)もっとも,самый
16,69,形,ху́дший,より悪い、より下手な(плохо́йの比較級長語尾形),худший
16,69,接,чем,...よりも,чем
16,69,比,бли́же,より近い、より近く(бли́зкий/бли́зкоの比較級短語尾形),ближе
16,69,比,бо́льше,より大きい、より多い(большо́ймно́гоの比較級短語尾形),больше
16,69,比,доро́же,より高価な、より貴重な(дорого́йの比較級短語尾形),дороже
16,69,比,лу́чше,よりよい、よりよく(хоро́ ший / хорошо́ の比較級短語尾形),лучше
16,69,比,ме́ньше,より小さい、より少ない(ма́ленький,меньше
16,69,比,моло́же,より若い(молодо́йの比較級短語尾形),моложе
16,69,比,ста́рше,より古い、より年とった(ста́рыйの比較級短語尾形),старше
16,69,比,ху́же,より悪い(悪く)、より下手に(плохо́й/пло́ хо の比較級短語尾形),хуже
16,69,副,бо́лее,(形容詞の前にそえて比較級をつくる)より...、さらに...),более
16,69,名,гора́,山、丘,гора
16,69,名,дорого́й,高価な、貴重な、大切な,дорогой
16,69,名,здоро́вье,健康,здоровье
16,69,名,мир,世界,мир
16,70,形,тала́нтливый,才能のある,талантливый
16,71,形,мла́дший,年下の、下級の,младший
16,71,動,око́нчить2,(完)終える、卒業する),окончить
16,71,動,петь,(不完)(пою́，... пою́ т) 歌う,петь
16,71,動,стать,(完)(...に)なる,стать
16,71,名,гру́ппа,グループ,группа
16,71,名,жизнь,生活、人生、一生、命,жизнь
16,71,名,институ́т,(単科)大学,институт
17,73,形,прохла́дный,涼しい,прохладный
17,73,形,свой,自分の,свой
17,73,助,бы,[仮定法を作る助詞],бы
17,73,接,е́сли,もし...ならば,если
17,73,接,что́бы,...するために、(意志、期待、要求などの内容を表す)...する・であることを・が,чтобы
17,73,代,себя́,(再帰代名詞)自分自身,себя
17,73,動,дать,(完)与える,дать
17,73,動,забы́ть,(完)忘れる,забыть
17,73,動,записа́ть,(完)メモする、書き留める,записать
17,73,動,откры́ть,(完)開ける、開く、発見する⇒《(不完)はоткрыва́ть》,открыть
17,73,動,поговори́ть2,(完)しばらく話をする、相談する,поговорить
17,73,動,сиде́ть2,(不完)すわっている,сидеть
17,73,動,чу́вствовать,[tʃ’ústvəvət’](不完)感じる,чувствовать
17,73,名,а́дрес,住所,адрес
17,74,動,опозда́ть1,(完)遅れる、遅刻する,опоздать
17,74,動,помо́чь,(完)手伝う、助ける⇒《(不完)はпомога́ть》,помочь
17,74,動,проси́ть2*,(不完)頼む,просить
17,74,名,зе́ркало,鏡,зеркало
17,75,前,для,[+生]〜のために,для
17,75,動,отве́тить2,(完)答える ⇒《(不完)はотвеча́ть》,ответить
17,75,動,пла́вать1,(不完)(不定)泳ぐ,плавать
17,75,名,география,地理,география
17,75,名,де́вушка,未婚の若い女性,девушка
17,75,名,земля́,地球、地上,земля
17,75,名,челове́к,人、人間,человек
17,77,前,без,[+生]〜なしに,без
17,77,動,пое́хать,(完)(乗り物で)出かける,поехать
17,77,動,рассказа́ть,(完)物語る⇒《(不完)はрасска́зывать》,рассказать
17,77,動,роди́ться2,(不完・完)生まれる,родиться
17,77,副,почему́,なぜなら,почему
17,78,動,находи́ться2*,(不完)(ある場所、ある状態に)いる、ある,находиться
17,78,動,спроси́ть2*,(完)たずねる、質問する⇒《(不完)はспра́шивать》,спросить
17,78,副,давно́,ずっと以前に、ずっと以前から、長い間,давно
17,79,名,хозя́йка,女主人,хозяйка
19,81,動,закрыва́ться1,(不完)閉まる,закрываться
19,81,動,закры́ть,(完)閉める、閉じる,закрыть
19,81,動,перевести́,(完)翻訳する,перевести
19,81,動,пока́зывать1,(不完)見せる,показывать
19,81,動,покры́ть,(完)おおう,покрыть
19,81,動,постро́ить2,(完)建てる⇒《(不完)はстро́ить》,построить
19,81,動,потеря́ть1,(完)失う、なくす,потерять
19,81,動,пригласи́ть2,(完)招待する,пригласить
19,81,動,уважа́ть1,(不完)尊敬する,уважать
19,82,動,зако́нчить2,(完)終える,закончить
19,82,動,подари́ть2*,(完)贈る,подарить
19,82,動,получи́ть2*,(完)受け取る⇒《(不完)はполуча́ть》,получить
19,82,動,привезти́,(完)(乗り物で)運んでくる,привезти
19,82,名,вопро́с,質問、問題,вопрос
19,82,名,вы́ставка,展覧会,выставка
19,83,名,откры́тка,はがき、ポストカード,открытка
19,83,名,цветы́,(<цвето́к)花,цветы
20,85,動,жа́ловаться,(不完)不平・苦情を言う,жаловаться
20,85,動,крича́ть2,(不完)叫ぶ,кричать
20,85,動,ложи́ться2,(不完)横になる、寝る,ложиться
20,85,動,меша́ть1,(不完)邪魔する,мешать
20,85,動,научи́ться2*,(完)習得する、身につける,научиться
20,85,名,а́втор,作者,автор
20,85,名,общежи́тие,寮、寄宿舎,общежитие
20,85,名,рабо́тник,働き手、従業員,работник
20,86,形,ва́жный,重要な,важный
20,86,形,вели́кий,偉大な,великий
20,86,形,друго́й,他の、別の,другой
20,86,前,о́коло,[+生]〜のあたり，まわりに,около
20,86,名,наро́д,民衆、民族、国民,народ
20,86,名,пробле́ма,問題,проблема
20,87,形,гла́вный,主な、主要な,главный
20,87,形,наро́дный,民衆・民族・国民の,народный
20,87,形,необы́чный,ふつうでない、風変わりな,необычный
20,87,形,обы́чный,普通の、通常の,обычный
20,87,形,похо́жий,似た,похожий
20,87,形,просто́й,純朴な、簡単な,простой
20,87,接,возмо́жно,ありうる、ひょっとすると,возможно
20,87,接,одна́ко,しかしながら,однако
20,87,前,благодаря́,(+与)...のおかげで,благодаря
20,87,前,внутри́,(+生)...の内部・内側に,внутри
20,87,動,нача́ться(完),はじまる⇒《(不完)はначина́ться》,начаться
20,87,動,появи́ться2*,(完)現れる,появиться
20,87,動,приду́мать1,(完)考えつく,придумать
20,87,動,происходи́ть2*,(不完)...の出身である、生まれである,происходить
20,87,副,то́чно,正確に,точно
20,87,名,игру́шка,おもちゃ,игрушка
None,None,間,спаси́бо,ありがとう,спасибо
None,None,形,ме́ньший,より小さい(ма́ленькийの比較級長語尾形),меньший
None,None,形,оди́н,1、1つ(の)、ある,один
None,None,形,плохо́й,悪い、下手な,плохой
None,None,形短,очень приятно,(初対面のあいさつ)お目にかかれてうれしいです,очень приятно
None,None,述,мо́жно,...できる、してもよい,можно
None,None,述,на́до,...する必要がある,надо
None,None,述,нельзя́,...してはいけない、...できない,нельзя
None,None,述,ну́жно,...することが必要だ,нужно
None,None,前,по́сле,[+生]〜のあとで,после
None,None,動,встре́титься2,(完)会う、出会う⇒《(不完)はвстреча́ться》,встретиться
None,None,動,искáть,(不完)捜す,искáть
None,None,動,ко́нчить2,(完)終える⇒《(不完)はконча́ть》,кончить
None,None,動,кре́пко спать,熟睡する,крепко спать
None,None,動,лю́ди,人々,лю́ди
None,None,動,называ́ться1,(不完)...と呼ばれる、...という名だ,называться
None,None,動,позвони́ть2,(完)電話する、(ベル、ブザーを)鳴らす、呼び鈴を押す⇒《(不完)は звони́ть》,позвонить
None,None,動,познако́миться2,(完)知り合いになる⇒《(不完)はзнако́миться》,познакомиться
None,None,動,помога́ть1,(不完)手伝う、助ける,помогать
None,None,動,посмотре́ть2,(完)見る⇒《(不完)はсмотре́ть》,посмотреть
None,None,動,поступи́ть2*,(完)行動する、ふるまう,поступить
None,None,動,прáздник,祝日、休日,прáздник
None,None,動,пригото́вить2,(完)準備する、用意する⇒《(不完)はгото́вить》,приготовить
None,None,動,слы́шать2,(不完)聞こえる,слышать
None,None,動,сто́ить2,(不完)(値段が...)する,стоить
None,None,動,у́жинать1,(不完)夕食をとる,ужинать
None,None,副,гора́здо,(比較級を強めて)はるかに、ずっと,гораздо
None,None,副,доза́втра,ではまたあした(会いましょう),дозавтра
None,None,副,неизве́стно,わからない、不明である,неизвестно
None,None,副,по-ру́сски,ロシア語で,по-русски
None,None,副,по-япо́нски,日本語で,по-японски
None,None,副,пока́,(あいさつ)さようなら,пока
None,None,名,велосипе́д,自転車,велосипед
None,None,名,во́лос,髪(の毛),волос
None,None,名,восто́к,東,восток
None,None,名,де́ньги,お金,деньги
None,None,名,досвида́ния,さようなら,досвидания
None,None,名,зáгород,郊外へ,зáгород
None,None,名,зáгородом,郊外で,зáгородом
None,None,名,заво́д,工場,завод
None,None,名,за́пад,西,запад
None,None,名,иде́я,考え、思いつき,идея
None,None,名,костю́м,衣服、衣装,костю́м
None,None,名,ле́том,夏に(< ле́то 夏),летом
None,None,名,мо́ре,海,море
None,None,名,о́зеро,湖,озеро
None,None,名,отопле́ние,暖房,отопление
None,None,名,очки́,めがね,очки
None,None,名,полови́на,半分、2分の1、30分,половина
None,None,名,пора́,...すべき時だ,пора
None,None,名,приве́т,(あいさつ)やあ、こんにちは,привет
None,None,名,раз,倍、1回,раз
None,None,名,с удово́ льствием,喜んで,с удово льствием
None,None,名,санато́рий,サナトリウム,санаторий
None,None,名,студе́нт,学生,студент
None,None,名,трамва́й,路面電車,трамвай
None,None,名,удово́ льствие,満足、喜び,удово льствие
None,None,名,упражне́ние,練習、練習問題,упражнение
None,None,名,че́тверть,4分の1,четверть
None,None,名,электри́чка,電車(郊外電車),электричка
,,,,,
